{
    "Dresden": [
        51.0769658,
        13.6325037
    ],
    "Chemnitz": [
        50.8227027,
        12.8209366
    ],
    "Leipzig": [
        51.3419134,
        12.2535529
    ],
    "München": [
        48.155004,
        11.4717962
    ],
    "Stuttgart": [
        48.779301,
        9.1071757
    ],
    "Frankfurt": [
        50.1213479,
        8.4964816
    ],
    "Borna": [
        51.122318,
        12.4361162
    ]
}